scientific_name	matched_level	matched_name	matched_taxon_title	image_uuid	attribution	license	svg_file	png_file
Balaena mysticetus	species	Balaena mysticetus	Balaena mysticetus	18438875-f6e8-4e46-8fda-5a07bd4c1a85	Chris huh	https://creativecommons.org/licenses/by-sa/3.0/	Balaena_mysticetus.svg	Balaena_mysticetus.png
Eubalaena japonica	species	Eubalaena japonica	Eubalaena japonica	281d59cc-200e-49d4-98a4-9decec603592	Chris huh	https://creativecommons.org/licenses/by-sa/3.0/	Eubalaena_japonica.svg	Eubalaena_japonica.png
Balaenoptera musculus	species	Balaenoptera musculus	Balaenoptera musculus	16969246-31e0-48e3-90ff-cad9a8746073	Chris huh	https://creativecommons.org/licenses/by-sa/3.0/	Balaenoptera_musculus.svg	Balaenoptera_musculus.png
Balaenoptera physalus	species	Balaenoptera physalus	Balaenoptera physalus	8366482f-d41c-4ab2-8403-3d70fb04ad5f	Chris huh	https://creativecommons.org/licenses/by-sa/3.0/	Balaenoptera_physalus.svg	Balaenoptera_physalus.png
Megaptera novaeangliae	species	Megaptera novaeangliae	Balaenoptera novaeangliae	ce70490a-79a5-47fc-afb9-834e45803ab4	Chris huh	https://creativecommons.org/licenses/by-sa/3.0/	Megaptera_novaeangliae.svg	Megaptera_novaeangliae.png
Eschrichtius robustus	species	Eschrichtius robustus	Balaenoptera robusta	8b73f54f-15e8-41b8-8c9c-46c86a185104	Chris huh	https://creativecommons.org/licenses/by-sa/3.0/	Eschrichtius_robustus.svg	Eschrichtius_robustus.png
Caperea marginata	species	Caperea marginata	Caperea marginata	941169f7-bc86-4030-bb28-4419b78214de	Chris huh	https://creativecommons.org/licenses/by-sa/3.0/	Caperea_marginata.svg	Caperea_marginata.png
Physeter macrocephalus	species	Physeter macrocephalus	Physeter macrocephalus	6579c20d-f8c2-46d8-8d23-5dd2571584bc	Chris huh	https://creativecommons.org/licenses/by-sa/3.0/	Physeter_macrocephalus.svg	Physeter_macrocephalus.png
Kogia breviceps	species	Kogia breviceps	Kogia breviceps	5bfb840e-071f-4a1a-b101-0a747a5453e7	Chris huh	https://creativecommons.org/licenses/by-sa/3.0/	Kogia_breviceps.svg	Kogia_breviceps.png
Orcinus orca	species	Orcinus orca	Orcinus orca	880129b5-b78b-40a9-88ad-55f7d1dc823f	Chris huh	https://creativecommons.org/licenses/by-sa/3.0/	Orcinus_orca.svg	Orcinus_orca.png
Tursiops truncatus	species	Tursiops truncatus	Tursiops truncatus	0b5c6b41-3a44-4c9e-869a-63ed54bf7c65	Chris huh	https://creativecommons.org/licenses/by-sa/3.0/	Tursiops_truncatus.svg	Tursiops_truncatus.png
Delphinus delphis	species	Delphinus delphis	Delphinus delphis	d6fe7b30-3229-48a8-8dc9-22173fafa899	Chris huh	https://creativecommons.org/licenses/by-sa/3.0/	Delphinus_delphis.svg	Delphinus_delphis.png
Globicephala melas	species	Globicephala melas	Globicephala melaena	f042b3b4-d6a2-401c-938a-7e42dabe94d6	Chris huh	https://creativecommons.org/licenses/by-sa/3.0/	Globicephala_melas.svg	Globicephala_melas.png
Phocoena phocoena	species	Phocoena phocoena	Phocoena phocoena	970f7e8d-a823-45b9-85b9-767704d0c13f	Chris huh	https://creativecommons.org/licenses/by-sa/3.0/	Phocoena_phocoena.svg	Phocoena_phocoena.png
Neophocaena asiaeorientalis	species	Neophocaena asiaeorientalis	Neophocaena asiaeorientalis	841e9028-eab2-44af-bb26-cf00495a5d2d	Chris huh	https://creativecommons.org/licenses/by-sa/3.0/	Neophocaena_asiaeorientalis.svg	Neophocaena_asiaeorientalis.png
Monodon monoceros	species	Monodon monoceros	Monodon monoceros	bfe45de4-d8a8-423c-abf3-087a7c7d0d6c	Chris huh	https://creativecommons.org/licenses/by-sa/3.0/	Monodon_monoceros.svg	Monodon_monoceros.png
Delphinapterus leucas	species	Delphinapterus leucas	Delphinapterus leucas	79010a33-76f6-4f16-9e35-b9121b0e6bed	Chris huh	https://creativecommons.org/licenses/by-sa/3.0/	Delphinapterus_leucas.svg	Delphinapterus_leucas.png
Ziphius cavirostris	species	Ziphius cavirostris	Ziphius cavirostris	625c4c03-2e1d-41d6-889c-6bea1c9764b2	Chris huh	https://creativecommons.org/licenses/by-sa/3.0/	Ziphius_cavirostris.svg	Ziphius_cavirostris.png
Berardius bairdii	species	Berardius bairdii	Berardius bairdi	66ae22a7-b1d7-41e0-8c05-6c3bae0e5e35	Chris huh	https://creativecommons.org/licenses/by-sa/3.0/	Berardius_bairdii.svg	Berardius_bairdii.png
Platanista gangetica	species	Platanista gangetica	Platanista gangetica	a55581b9-72c9-4ede-8fba-b908b08d94c9	Chris huh	https://creativecommons.org/licenses/by-sa/3.0/	Platanista_gangetica.svg	Platanista_gangetica.png
Inia geoffrensis	species	Inia geoffrensis	Inia geoffrensis	f36c9daa-a102-42dd-88ac-a126753943d2	Chris huh	https://creativecommons.org/licenses/by-sa/3.0/	Inia_geoffrensis.svg	Inia_geoffrensis.png
Lipotes vexillifer	species	Lipotes vexillifer	Lipotes vexillifer	103dbb51-1bce-4df6-b1ac-ff0d38d188a3	Chris huh	https://creativecommons.org/licenses/by-sa/3.0/	Lipotes_vexillifer.svg	Lipotes_vexillifer.png
Phoca vitulina	species	Phoca vitulina	Phoca vitulina	1925a9aa-bf33-4270-824c-b8f781f8ec82	Andy Wilson	https://creativecommons.org/publicdomain/zero/1.0/	Phoca_vitulina.svg	Phoca_vitulina.png
Mirounga leonina	species	Mirounga leonina	Mirounga leonina	c7909218-36c7-40ff-bd53-599f0f6b9ab4	Alexandre Vong	https://creativecommons.org/publicdomain/zero/1.0/	Mirounga_leonina.svg	Mirounga_leonina.png
Halichoerus grypus	species	Halichoerus grypus	Halichoerus grypus	44ee07ec-f829-49f9-b242-f4b92bb9cf73	Margot Michaud	https://creativecommons.org/publicdomain/zero/1.0/	Halichoerus_grypus.svg	Halichoerus_grypus.png
Eumetopias jubatus	species	Eumetopias jubatus	Eumetopias jubatus	8d45b927-bc7c-4e98-a7af-7dc69b888f40	Andy Wilson	https://creativecommons.org/publicdomain/zero/1.0/	Eumetopias_jubatus.svg	Eumetopias_jubatus.png
Zalophus californianus	genus	Zalophus	Zalophus	6b7f24dc-6525-4263-b480-6f93f9a7a31d	Margot Michaud	https://creativecommons.org/publicdomain/zero/1.0/	Zalophus_californianus.svg	Zalophus_californianus.png
Odobenus rosmarus	species	Odobenus rosmarus	Odobenus rosmarus	16cfde1b-d577-4de8-82b9-62b760aacba5	Steven Traver	https://creativecommons.org/publicdomain/zero/1.0/	Odobenus_rosmarus.svg	Odobenus_rosmarus.png
Trichechus manatus	species	Trichechus manatus	Trichechus manatus	12597d6c-9c80-4510-9826-975eabddc597	Vince Smith	https://creativecommons.org/licenses/by-nc-sa/3.0/	Trichechus_manatus.svg	Trichechus_manatus.png
Dugong dugon	species	Dugong dugon	Dugong dugon	960d46df-f6ab-4588-bd3e-34fd4bb3268a	Scott Hartman	https://creativecommons.org/licenses/by/3.0/	Dugong_dugon.svg	Dugong_dugon.png
Enhydra lutris	species	Enhydra lutris	Enhydra lutris	d3a78afb-1b9e-45e0-b6f4-144d79f399f0	Margot Michaud	https://creativecommons.org/publicdomain/zero/1.0/	Enhydra_lutris.svg	Enhydra_lutris.png
Ursus maritimus	species	Ursus maritimus	Ursus maritimus	c11b4873-aa21-4394-9f5e-6996033c379f	Tracy A. Heath	https://creativecommons.org/publicdomain/zero/1.0/	Ursus_maritimus.svg	Ursus_maritimus.png
Hippopotamus amphibius	species	Hippopotamus amphibius	Hippopotamus amphibius	3769e205-b10c-4aab-affc-b4f0302f4eaa	Evan Boucher	https://creativecommons.org/publicdomain/mark/1.0/	Hippopotamus_amphibius.svg	Hippopotamus_amphibius.png
Lutra lutra	species	Lutra lutra	Lutra lutra	3cdae098-058b-4ce2-8f46-ad3101b624db	Margot Michaud	https://creativecommons.org/publicdomain/zero/1.0/	Lutra_lutra.svg	Lutra_lutra.png
Ursus arctos	species	Ursus arctos	Ursus (arctos)	43e82541-0f4a-467c-864e-f7f44c38b5af	Tracy A. Heath	https://creativecommons.org/publicdomain/zero/1.0/	Ursus_arctos.svg	Ursus_arctos.png
Loxodonta africana	species	Loxodonta africana	Loxodonta africana	62398ac0-f0c3-48f8-8455-53512a05fbc4	Steven Traver	https://creativecommons.org/publicdomain/zero/1.0/	Loxodonta_africana.svg	Loxodonta_africana.png
Procavia capensis	species	Procavia capensis	Procavia capensis	6b4e4b00-5f13-4967-b5aa-842f84052e7c		https://creativecommons.org/publicdomain/zero/1.0/	Procavia_capensis.svg	Procavia_capensis.png
Homo sapiens	species	Homo sapiens idaltu	Homo sapiens idaltu	c089caae-43ef-4e4e-bf26-973dd4cb65c5	T. Michael Keesey	https://creativecommons.org/publicdomain/zero/1.0/	Homo_sapiens.svg	Homo_sapiens.png
